Subject,Topic,Code,Definition,Example
Computer Science,CS 1114 – Intro to Software Design,Epistemic Knowledge,"Information about how knowledge is constructed, validated, and evolves within the engineering field","The evolution of programming paradigms over time reflects a deeper understanding of problem-solving techniques. From imperative to object-oriented, functional, and beyond, each paradigm shift brings new tools for tackling complex problems. This evolution is driven by both theoretical advancements and real-world application needs."
Computer Science,CS 1114 – Intro to Software Design,Epistemic Knowledge,"Information about how knowledge is constructed, validated, and evolves within the engineering field","The process of software development often involves multiple iterations and refinements based on feedback from stakeholders. Understanding this iterative nature helps students appreciate the dynamic and collaborative aspects of designing effective software solutions, emphasizing the importance of adaptability in a rapidly changing field."
Computer Science,CS 1114 – Intro to Software Design,Epistemic Knowledge,"Information about how knowledge is constructed, validated, and evolves within the engineering field","Theoretical foundations such as computational complexity theory provide frameworks for evaluating algorithm efficiency. As new algorithms emerge, they challenge existing knowledge about what is feasible and optimize performance boundaries, illustrating how theoretical insights can drive practical innovation in software design."
Computer Science,CS 1114 – Intro to Software Design,Epistemic Knowledge,"Information about how knowledge is constructed, validated, and evolves within the engineering field","The validation of a software design requires rigorous testing and review processes. This involves not only technical correctness but also considerations like user experience and ethical implications. Through these practices, engineers learn to construct solutions that are both technically sound and ethically responsible."
Computer Science,CS 1114 – Intro to Software Design,Epistemic Knowledge,"Information about how knowledge is constructed, validated, and evolves within the engineering field","Peer collaboration in software development projects is essential for knowledge sharing and problem-solving. Engaging with peers from diverse backgrounds enhances understanding of different perspectives and approaches, fostering a richer learning environment where new ideas can emerge through constructive dialogue."
Computer Science,CS 1114 – Intro to Software Design,Historical Knowledge,"Information about the development of engineering concepts, techniques, and technologies over time","The concept of structured programming emerged in the early 1960s as a response to the complex and difficult-to-maintain programs of that era. Led by figures such as Edsger W. Dijkstra, structured programming emphasized the use of modular design principles, including functions, procedures, and subroutines, to improve code clarity and maintainability. This approach led to significant improvements in software reliability and ease of maintenance."
Computer Science,CS 1114 – Intro to Software Design,Historical Knowledge,"Information about the development of engineering concepts, techniques, and technologies over time","The development of object-oriented programming (OOP) began in the late 1960s with the work of Alan Kay, who sought a more flexible and dynamic approach to program design. OOP allowed for encapsulation, inheritance, and polymorphism, enabling software engineers to create more adaptable and extensible systems. The first widely recognized implementation was Smalltalk, released by Xerox PARC in 1970."
Computer Science,CS 1114 – Intro to Software Design,Historical Knowledge,"Information about the development of engineering concepts, techniques, and technologies over time","In the early days of computing, assembly language was a primary method for programming computers due to its direct correspondence with machine instructions. However, as programs grew more complex and diverse, high-level languages like FORTRAN (1957) began to emerge. These higher-level languages abstracted away much of the hardware details, allowing developers to focus on problem-solving rather than low-level operations."
Computer Science,CS 1114 – Intro to Software Design,Historical Knowledge,"Information about the development of engineering concepts, techniques, and technologies over time","The history of software design is marked by significant shifts in programming paradigms. From the procedural methods of structured programming through the object-oriented paradigm, each new approach aimed to address limitations and improve upon previous designs. For instance, the introduction of functional programming languages like Lisp (1958) highlighted a shift towards more mathematical and immutable code structures."
Computer Science,CS 1114 – Intro to Software Design,Historical Knowledge,"Information about the development of engineering concepts, techniques, and technologies over time","The evolution of software design has been driven by both theoretical advancements and practical needs. One notable example is the development of dynamic typing in languages such as Python, which was introduced to provide greater flexibility and ease of use compared to statically typed languages like C++. This shift underscores the ongoing quest for better programming practices that balance usability and performance."
Computer Science,CS 1114 – Intro to Software Design,Conceptual Knowledge,"Core theoretical principles and fundamental concepts that form the basis of engineering understanding, including: basic theories and principles that underpin the engineering discipline, explanations of key engineering concepts and how they relate to each other, fundamental laws and equations central to the field, and abstract models and frameworks used to understand engineering phenomena","In software design, encapsulation is a principle that promotes modularity in programming. It involves bundling related data and methods within a single unit (class), allowing for abstraction of complex functionalities into simpler interfaces. This not only hides implementation details but also ensures that changes to one part of the system do not affect others, thus enhancing maintainability and robustness."
Computer Science,CS 1114 – Intro to Software Design,Conceptual Knowledge,"Core theoretical principles and fundamental concepts that form the basis of engineering understanding, including: basic theories and principles that underpin the engineering discipline, explanations of key engineering concepts and how they relate to each other, fundamental laws and equations central to the field, and abstract models and frameworks used to understand engineering phenomena","The principle of normalization is crucial in database design to minimize data redundancy while maintaining consistency. By organizing data into tables with a well-defined structure, normalization helps avoid issues such as anomalies during data updates or deletions. The first normal form requires that each row and column be atomic, preventing any repeating groups within the same table."
Computer Science,CS 1114 – Intro to Software Design,Conceptual Knowledge,"Core theoretical principles and fundamental concepts that form the basis of engineering understanding, including: basic theories and principles that underpin the engineering discipline, explanations of key engineering concepts and how they relate to each other, fundamental laws and equations central to the field, and abstract models and frameworks used to understand engineering phenomena","In the context of algorithms, computational complexity is a fundamental concept used to analyze algorithm efficiency. Big O notation provides a theoretical framework for describing the upper bound on the growth rate of an algorithm’s time or space requirements as input sizes increase. For instance, an algorithm with a runtime of O(n^2) will perform poorly compared to one with O(log n) when dealing with large datasets."
Computer Science,CS 1114 – Intro to Software Design,Conceptual Knowledge,"Core theoretical principles and fundamental concepts that form the basis of engineering understanding, including: basic theories and principles that underpin the engineering discipline, explanations of key engineering concepts and how they relate to each other, fundamental laws and equations central to the field, and abstract models and frameworks used to understand engineering phenomena","Design patterns are reusable solutions that address common software design problems within specific contexts in object-oriented systems. Each pattern encapsulates a proven approach to solving a particular issue, such as the Singleton pattern which ensures only one instance of a class exists and provides a global point of access to it. Patterns like these facilitate effective communication among developers by providing standardized terminology."
Computer Science,CS 1114 – Intro to Software Design,Conceptual Knowledge,"Core theoretical principles and fundamental concepts that form the basis of engineering understanding, including: basic theories and principles that underpin the engineering discipline, explanations of key engineering concepts and how they relate to each other, fundamental laws and equations central to the field, and abstract models and frameworks used to understand engineering phenomena","The client-server model is a distributed architecture where clients request services from servers, which handle the requests and provide responses. This paradigm underpins much of modern internet infrastructure, allowing for scalable and flexible networked applications. Key to this design is the clear separation between the roles, enabling efficient load distribution and resource management."
Computer Science,CS 1114 – Intro to Software Design,Uncertainty and Limitations,Discussions about the limitations of current knowledge and areas of ongoing research or debate in the field,"While modern machine learning algorithms have achieved impressive results, they still face significant limitations. For instance, deep neural networks can suffer from overfitting when trained on small datasets. Current methods to address this issue often involve techniques like data augmentation and regularization, but these do not always guarantee generalization to unseen data. Researchers continue to explore new architectures and training strategies to mitigate such challenges."
Computer Science,CS 1114 – Intro to Software Design,Uncertainty and Limitations,Discussions about the limitations of current knowledge and areas of ongoing research or debate in the field,"In terms of software testing, the problem of detecting all possible bugs in a program remains an open challenge. The Halting Problem, proven by Alan Turing, shows that it is undecidable whether a given program will halt or run indefinitely on certain inputs. This implies that automated tools can only provide probabilistic guarantees about the absence of errors. Developers must still rely on empirical testing and static analysis to reduce the risk of undetected bugs."
Computer Science,CS 1114 – Intro to Software Design,Uncertainty and Limitations,Discussions about the limitations of current knowledge and areas of ongoing research or debate in the field,"The field of software engineering is continually evolving, but there are still significant uncertainties regarding the best practices for large-scale distributed systems. For example, while microservices architectures offer better scalability and maintainability, they also introduce complexity in terms of service discovery, communication protocols, and fault tolerance. Developers must weigh these trade-offs to determine the most suitable architecture for their applications."
Computer Science,CS 1114 – Intro to Software Design,Uncertainty and Limitations,Discussions about the limitations of current knowledge and areas of ongoing research or debate in the field,"Quantum computing holds promise for solving certain problems more efficiently than classical computers. However, practical implementation remains challenging due to issues like coherence times, error rates, and qubit scalability. Current research focuses on developing error correction codes and fault-tolerant quantum circuits, but the technology is still in its infancy, leaving many questions unanswered about the long-term feasibility of large-scale quantum computing systems."
Computer Science,CS 1114 – Intro to Software Design,Uncertainty and Limitations,Discussions about the limitations of current knowledge and areas of ongoing research or debate in the field,"Algorithm design often relies on heuristic approaches to optimize performance for specific use cases. However, finding the optimal solution can be computationally intensive or even infeasible due to NP-hard problems. For instance, the traveling salesman problem has no known polynomial-time algorithm that guarantees an optimal solution. Researchers continue to explore approximation algorithms and metaheuristics to find near-optimal solutions while managing computational resources efficiently."
Computer Science,CS 1114 – Intro to Software Design,Metacognitive Knowledge,Guidance on how to approach learning and problem-solving in engineering,"When approaching a new programming task, it is crucial to start by defining the scope of your project. Break down the problem into smaller, manageable parts. This not only simplifies the task but also aids in identifying potential bottlenecks early on. For instance, when developing a web application, consider how user input will be handled and validated at each step."
Computer Science,CS 1114 – Intro to Software Design,Metacognitive Knowledge,Guidance on how to approach learning and problem-solving in engineering,"Debugging can often become overwhelming, especially with complex systems. A useful approach is to divide the code into smaller sections and test them individually before integrating them. This methodical process helps isolate issues more effectively. For example, if you encounter a crash in your network protocol implementation, try running tests on individual functions to pinpoint which one might be causing the error."
Computer Science,CS 1114 – Intro to Software Design,Metacognitive Knowledge,Guidance on how to approach learning and problem-solving in engineering,"In designing software, it is important to anticipate future changes and requirements. This involves considering the maintainability and scalability of your code from the outset. For instance, when implementing a user authentication system, think about how additional features like two-factor authentication could be integrated later without significant redesign."
Computer Science,CS 1114 – Intro to Software Design,Metacognitive Knowledge,Guidance on how to approach learning and problem-solving in engineering,"Effective collaboration with peers is essential in software development projects. Establish clear communication channels and documentation practices to facilitate smooth teamwork. For example, use version control systems like Git to manage code changes, and regularly update documentation to reflect project progress and updates."
Computer Science,CS 1114 – Intro to Software Design,Metacognitive Knowledge,Guidance on how to approach learning and problem-solving in engineering,"Understanding the limitations of your tools is key in software design. Be aware of the constraints and capabilities of languages, frameworks, and libraries you use. For instance, when optimizing a web application for performance, consider the trade-offs between server-side and client-side processing to ensure efficient resource usage."
Computer Science,CS 1114 – Intro to Software Design,Ethical Knowledge,Discussion of ethical considerations in engineering practice and research,"When developing software, developers must consider the potential for their code to be used for unethical purposes. For example, a security researcher found that a commonly used algorithm could inadvertently create biases in predictive models. Ethical design requires understanding the societal impact of one's work and implementing measures such as fairness-aware machine learning techniques to mitigate unintended harm."
Computer Science,CS 1114 – Intro to Software Design,Ethical Knowledge,Discussion of ethical considerations in engineering practice and research,"In the realm of big data, ensuring privacy is paramount. Developers must adhere to ethical guidelines, especially when handling sensitive information like health records or financial data. Techniques like differential privacy can be employed to protect individual privacy while still allowing for useful analysis."
Computer Science,CS 1114 – Intro to Software Design,Ethical Knowledge,Discussion of ethical considerations in engineering practice and research,Ethical considerations in software design extend beyond the development phase. Post-release responsibilities include monitoring and updating systems to address security vulnerabilities and ensure compliance with evolving regulations. This not only protects users but also maintains the integrity of the software ecosystem.
Computer Science,CS 1114 – Intro to Software Design,Ethical Knowledge,Discussion of ethical considerations in engineering practice and research,The use of artificial intelligence in decision-making processes raises ethical questions about transparency and accountability. Developers must be transparent about how AI systems make decisions to ensure they are fair and unbiased. This includes providing clear documentation and interfaces for users and stakeholders.
Computer Science,CS 1114 – Intro to Software Design,Ethical Knowledge,Discussion of ethical considerations in engineering practice and research,Accessibility is an important aspect of ethical software design. Ensuring that products can be used by people with disabilities not only complies with legal standards but also demonstrates a commitment to inclusivity. Principles like the Web Content Accessibility Guidelines (WCAG) provide frameworks for designing accessible user interfaces.
Computer Science,CS 1114 – Intro to Software Design,Interdisciplinary Knowledge,Connections between the specific engineering discipline and other fields,"In software design, understanding user psychology is essential for creating effective human-computer interfaces. For instance, cognitive load theory helps designers understand how different elements of a user interface can impact a user's mental workload, ensuring that the system remains intuitive and usable. This interdisciplinary approach ensures that the software not only functions efficiently but also enhances the overall user experience."
Computer Science,CS 1114 – Intro to Software Design,Interdisciplinary Knowledge,Connections between the specific engineering discipline and other fields,"Game design often involves complex algorithms for physics simulations, collision detection, and artificial intelligence. These techniques are closely related to concepts in computer graphics and machine learning. For example, using neural networks can improve AI behavior in games, making the game more engaging and realistic. This interdisciplinary knowledge allows developers to create richer and more interactive gaming experiences."
Computer Science,CS 1114 – Intro to Software Design,Interdisciplinary Knowledge,Connections between the specific engineering discipline and other fields,"In mobile application development, understanding environmental factors such as battery life and network connectivity is crucial. The power consumption of a device can significantly affect user experience; therefore, software designers must incorporate efficient algorithms that minimize energy use without compromising performance. This knowledge draws from electrical engineering principles to optimize software efficiency."
Computer Science,CS 1114 – Intro to Software Design,Interdisciplinary Knowledge,Connections between the specific engineering discipline and other fields,"Biomedical engineering integrates software design with medical applications. For instance, designing real-time monitoring systems for patients requires a deep understanding of both the clinical context and the computational challenges. Utilizing machine learning algorithms can predict patient conditions based on sensor data, enhancing early diagnosis and treatment planning."
Computer Science,CS 1114 – Intro to Software Design,Interdisciplinary Knowledge,Connections between the specific engineering discipline and other fields,"Financial software often uses advanced statistical models to analyze market trends and predict future outcomes. This requires a strong foundation in statistics and probability theory, as well as knowledge of financial markets and economic principles. By integrating these interdisciplinary concepts, developers can create sophisticated financial tools that provide valuable insights for investors and analysts."
Computer Science,CS 1114 – Intro to Software Design,Practical and Professional Knowledge,"The application of engineering concepts in real-world contexts, including the use of current technologies and adherence to professional standards and practices. This encompasses case studies and real-world problem-solving scenarios, information about current engineering technologies, tools, and software, professional standards, codes, and best practices in engineering, and practical design processes and decision-making in engineering projects","In the context of developing a web application for a retail business, adherence to RESTful API principles is crucial. This ensures that the software components can communicate seamlessly with each other. The developers must also comply with industry standards such as OAuth for secure user authentication and JSON for data exchange. By doing so, they ensure the software’s robustness and maintainability, which are essential in a competitive market."
Computer Science,CS 1114 – Intro to Software Design,Practical and Professional Knowledge,"The application of engineering concepts in real-world contexts, including the use of current technologies and adherence to professional standards and practices. This encompasses case studies and real-world problem-solving scenarios, information about current engineering technologies, tools, and software, professional standards, codes, and best practices in engineering, and practical design processes and decision-making in engineering projects","When designing an AI system to optimize energy usage in smart homes, it is imperative to follow ethical guidelines and privacy laws such as GDPR. The engineers must implement data anonymization techniques and ensure that user consent is obtained before collecting personal information. Additionally, the system should be tested against fairness metrics to avoid bias in decision-making processes."
Computer Science,CS 1114 – Intro to Software Design,Practical and Professional Knowledge,"The application of engineering concepts in real-world contexts, including the use of current technologies and adherence to professional standards and practices. This encompasses case studies and real-world problem-solving scenarios, information about current engineering technologies, tools, and software, professional standards, codes, and best practices in engineering, and practical design processes and decision-making in engineering projects","A case study of a financial software application highlights the importance of adhering to Sarbanes-Oxley Act (SOX) compliance for data integrity and security. The system must maintain accurate records, ensure auditability, and protect sensitive information from unauthorized access. The use of secure coding practices, such as input validation and sanitization, is essential in preventing common vulnerabilities like SQL injection."
Computer Science,CS 1114 – Intro to Software Design,Practical and Professional Knowledge,"The application of engineering concepts in real-world contexts, including the use of current technologies and adherence to professional standards and practices. This encompasses case studies and real-world problem-solving scenarios, information about current engineering technologies, tools, and software, professional standards, codes, and best practices in engineering, and practical design processes and decision-making in engineering projects","In developing a real-time streaming application for medical monitoring devices, the team must consider the challenges of latency and data integrity. They should employ efficient coding techniques to minimize delay and ensure that critical health data is transmitted reliably. The use of appropriate design patterns, such as Observer or Publish-Subscribe, can help manage data flow effectively and maintain system responsiveness."
Computer Science,CS 1114 – Intro to Software Design,Practical and Professional Knowledge,"The application of engineering concepts in real-world contexts, including the use of current technologies and adherence to professional standards and practices. This encompasses case studies and real-world problem-solving scenarios, information about current engineering technologies, tools, and software, professional standards, codes, and best practices in engineering, and practical design processes and decision-making in engineering projects","When creating a mobile application for a global user base, it is essential to follow universal design principles to ensure accessibility. This includes implementing features like screen reader support, adjustable text sizes, and high-contrast color schemes. The developers must also conduct thorough testing with users of different abilities to validate the application’s usability and compliance with guidelines such as WCAG 2.1."
Computer Science,CS 1114 – Intro to Software Design,Procedural Knowledge,"Step-by-step explanations of problem-solving methods, experimental procedures, or design processes","To implement a simple recursive function for computing factorials in Python, follow these steps: First, define the base case where factorial(0) returns 1. Next, establish the recursive step by assuming the function works correctly for n-1 and use this assumption to derive the value of factorial(n). For example, if you need to compute factorial(4), assume that factorial(3) is already known and set up a call to it, then multiply the result by 4. This process ensures the function can handle any non-negative integer input."
Computer Science,CS 1114 – Intro to Software Design,Procedural Knowledge,"Step-by-step explanations of problem-solving methods, experimental procedures, or design processes","In designing an algorithm for finding the maximum element in an array, begin with setting the first element as the current maximum. Iterate through the remaining elements of the array, comparing each to the current maximum and updating this value if a larger element is found. The loop terminates after all elements have been checked, resulting in the maximum value being stored in the variable used for tracking the largest number."
Computer Science,CS 1114 – Intro to Software Design,Procedural Knowledge,"Step-by-step explanations of problem-solving methods, experimental procedures, or design processes","When implementing a binary search algorithm on a sorted list of integers, start by setting two pointers: one at the beginning (low) and another at the end (high) of the list. Calculate the middle index as (low + high) // 2 and compare the value at this position with the target element. If it matches, return the index; if not, adjust either low or high based on whether the target is less than or greater than the midpoint value. Repeat these steps within a loop until the target is found or the pointers converge without finding the target."
Computer Science,CS 1114 – Intro to Software Design,Procedural Knowledge,"Step-by-step explanations of problem-solving methods, experimental procedures, or design processes","To design a user interface (UI) for a web application, start by defining the layout and structure of each page using HTML and CSS. Next, identify functional elements such as buttons, text fields, and dropdowns that interact with the backend server through JavaScript or other scripting languages. Ensure these elements are responsive to user input, validate their content where necessary, and update the UI state appropriately based on responses from the server."
Computer Science,CS 1114 – Intro to Software Design,Procedural Knowledge,"Step-by-step explanations of problem-solving methods, experimental procedures, or design processes","For constructing a decision tree in machine learning, begin by selecting an attribute that best splits the data into distinct classes. Calculate metrics such as Gini impurity or information gain to determine which split is most effective. Recursively apply this process to each resulting subset of data until all instances belong to a single class or meet predefined stopping criteria. This approach helps in building a model capable of making accurate predictions based on input features."
